Kecamatan,Jenis Faskes,Penyelenggara Faskes,Nama Faskes,Latitude,Longitude
Asemrowo,Puskesmas Induk,Pemerintah Kota,Puskesmas Asemrowo,-7.25186115,112.7145619
Asemrowo,Puskesmas Pembantu (Pustu),Pemerintah Kota,Pustu Tambak Langon,,
Asemrowo,Klinik Pratama,swasta,NAYAKA HUSADA 03,,
Benowo,Apotek,lainnya,KIMIA FARMA BUKIT PALMA,,
Benowo,Rumah Sakit Umum,Pemerintah Kota,RS Umum Daerah Bhakti Dharma Husada,,
Benowo,Puskesmas Induk,Pemerintah Kota,Puskesmas Sememi,-7.2483503,112.6354712
Benowo,Puskesmas Pembantu (Pustu),Pemerintah Kota,Pustu Kandangan,,
Benowo,Puskesmas Pembantu (Pustu),Pemerintah Kota,Pustu Romo Kalisari,,
Benowo,Rumah Sakit Umum,Swasta,RS Bunda,,
Benowo,Apotek,swasta,KANDANGAN,-7.2477981,112.6521053
Benowo,Apotek,swasta,K - 96,-7.22853245,112.6481432
Benowo,Apotek,swasta,VIVA GENERIK KLAKAH REJO,,
Benowo,Apotek,swasta,RENO FARMA,,
Benowo,Apotek,swasta,HAPSARI,,
Benowo,Apotek,swasta,BENOWO APPOTIK,,
Benowo,Apotek,swasta,KUSURI MAINCARE,,
Benowo,Apotek,swasta,Wahyu Buana Medika,,
Benowo,Apotek,swasta,Pahala Bukit Palma,,
Benowo,Klinik Pratama,swasta,KARYA MEDIKA 111,,
Benowo,Klinik Pratama,swasta,DOKTER ANANG SURABAYA,,
Bubutan,Puskesmas Induk,Pemerintah Kota,Puskesmas Gundih,-7.24724475,112.7253904
Bubutan,Puskesmas Induk,Pemerintah Kota,Puskesmas Tembok Dukuh,-7.25452745,112.7192133
Bubutan,Puskesmas Pembantu (Pustu),Pemerintah Kota,Pustu Asem Jajar,,
Bubutan,Rumah Sakit Khusus,Swasta,RS Ibu dan Anak IBI Surabaya,,
Bubutan,Apotek,swasta,USAHA,,
Bubutan,Apotek,swasta,KALIBUTUH,-7.2531445,112.7161249
Bubutan,Apotek,swasta,PRODERMA,,
Bubutan,Apotek,swasta,FILLINA,,
Bubutan,Apotek,swasta,NOVEM,,
Bubutan,Apotek,swasta,MEGA SURYA,,
Bubutan,Apotek,swasta,VIVA APOTEK PURWODADI,,
Bubutan,Toko Obat,swasta,CARREFOUR BUBUTAN,,
Bubutan,Toko Obat,swasta,XING LIN,,
Bubutan,Toko Obat,swasta,Super Indo Apartemen Gunawangsa,,
Bubutan,Klinik Pratama,swasta,Anugerah Karya Medika 102,,
Bubutan,Klinik Pratama,swasta,DON BOSCO,,
Bubutan,Klinik Pratama,swasta,SAMARIA,,
Bubutan,Klinik Pratama,swasta,DERMALOVE SCIENCE OF BEAUTY,,
Bulak,Apotek,lainnya,Kimia Farma Suramadu,,
Bulak,Puskesmas Induk,Pemerintah Kota,Puskesmas Kenjeran,-7.24111075,112.7952791
Bulak,Puskesmas Pembantu (Pustu),Pemerintah Kota,Pustu Bulak,,
Bulak,Puskesmas Pembantu (Pustu),Pemerintah Kota,Pustu Kedung Cowek,,
Bulak,Apotek,swasta,VIVA APOTEK BULAK SETRO,,
Bulak,Apotek,swasta,BITA MEDIKA,,
Bulak,Apotek,swasta,Efi Barokah,,
Bulak,Toko Obat,swasta,DWIJAYA SENTOSA ABADI,,
Bulak,Klinik Pratama,TNI/POLRI,KENJERAN DISKES LANTAMAL V,,
Bulak,Klinik Pratama,TNI/POLRI,PUSDIKLAT HANUDNAS,-7.2505586,112.7944534
Darmo,Klinik Pratama,swasta,KIMIA FARMA DARMO,-7.28857825,112.7389051
Dukuh Pakis,Apotek,lainnya,KIMIA FARMA 52,,
Dukuh Pakis,Klinik Pratama,lainnya,GUNUNGSARI,-7.2997877,112.7148852
Dukuh Pakis,Puskesmas Induk,Pemerintah Kota,Puskesmas Dukuh Kupang,-7.283236,112.7122257
Dukuh Pakis,Puskesmas Pembantu (Pustu),Pemerintah Kota,Pustu Gunungsari,,
Dukuh Pakis,Puskesmas Pembantu (Pustu),Pemerintah Kota,Pustu Pradah Kali Kendal,,
Dukuh Pakis,Apotek,swasta,DUTA FARMA,,
Dukuh Pakis,Apotek,swasta,TIARA,,
Dukuh Pakis,Apotek,swasta,TIARA BUKIT DARMO,,
Dukuh Pakis,Apotek,swasta,ETIKA FARMA,,
Dukuh Pakis,Apotek,swasta,INDAH FARMA,,
Dukuh Pakis,Apotek,swasta,PHARMACARE,,
Dukuh Pakis,Apotek,swasta,E - MEDICA,,
Dukuh Pakis,Apotek,swasta,GUARDIAN SURABAYA CIPUTRA WORLD,,
Dukuh Pakis,Apotek,swasta,K - 24 DUKUH KUPANG,-7.281807,112.7099956
Dukuh Pakis,Apotek,swasta,SIAGA FARMA 2,,
Dukuh Pakis,Apotek,swasta,MAHARVA MEDIKA,,
Dukuh Pakis,Apotek,swasta,WATSONS LENMARC,,
Dukuh Pakis,Apotek,swasta,Halomedika Dukuh Pakis,,
Dukuh Pakis,Toko Obat,swasta,HYPERMART CIPUTRA WORLD,,
Dukuh Pakis,Toko Obat,swasta,toko Obat PT. Trans Retail Indonesia Cabang Transmart Carrefour Lenmarc Surabaya,,
Dukuh Pakis,Toko Obat,swasta,Super Indo HR. Muhammad,,
Dukuh Pakis,Klinik Utama,swasta,GIGI SEHAT,-7.287495,112.6791155
Dukuh Pakis,Klinik Pratama,swasta,ANUGRAH,,
Dukuh Pakis,Klinik Pratama,swasta,REDEMPTOR MUNDI,-7.28470625,112.7102488
Dukuh Pakis,Klinik Pratama,swasta,Q - LIFE KLINIK,,
Dukuh Pakis,Klinik Pratama,swasta,TANATA,,
Dukuh Pakis,Klinik Pratama,swasta,ERNADE,,
Dukuh Pakis,Klinik Pratama,swasta,MAHARVA,,
Dukuh Pakis,Klinik Pratama,swasta,DIANDRA,,
Dukuh Pakis,Klinik Pratama,swasta,DERMASTER,,
Dukuh Pakis,Klinik Pratama,swasta,dr. MF,,
Dukuh Pakis,Klinik Pratama,swasta,MEDIKA HOLISTIK,,
Dukuh Pakis,Klinik Pratama,swasta,MAHARVA,,
Dukuh Pakis,Klinik Utama,swasta,GIGI SEHAT,-7.287495,112.6791155
Dukuh Pakis,Klinik Utama,swasta,ESTHER,-7.2800743,112.6868021
Dukuh Pakis,Klinik Utama,swasta,ROYAL CLINIC,-7.27861605,112.6872654
Dukuh Pakis,Klinik Utama,swasta,PWHC,,
Dukuh Pakis,Klinik Utama,swasta,WIJAYA KUSUMA,-7.28221285,112.711588
Dukuh Pakis,Klinik Utama,swasta,DENTALPOINT,,
Dukuh Pakis,Klinik Utama,swasta,PROSPEK,,
Dukuh Pakis,Klinik Utama,swasta,SKINDA DERMATOAESTHETIC CLINIC,,
Dukuh Pakis,Klinik Utama,swasta,REJUVA,,
Dukuh Pakis,Klinik Utama,swasta,PARAHITA DIAGNOSTIC CENTER,,
Dukuh Pakis,Klinik Utama,swasta,FDC,,
Dukuh Pakis,Klinik Utama,swasta,INDENTAL VILLA BUKIT MAS,,
Dukuh Pakis,Rumah Sakit Umum,TNI/POLRI,RS Marinir Ewa Pangalila Gunungsari,-7.30467185,112.7082666
Gayungan,Apotek,lainnya,KIMIA FARMA KETINTANG,-7.30983635,112.7314938
Gayungan,Puskesmas Induk,Pemerintah Kota,Puskesmas Gayungan,-7.33810175,112.7186968
Gayungan,Puskesmas Pembantu (Pustu),Pemerintah Kota,Pustu Dukuh Menanggal,,
Gayungan,Labkesda/GFK,Pemerintah Kota,Labkesda Kota Surabaya,,
Gayungan,Rumah Sakit Khusus,Pemerintah Provinsi,RS Mata Masyarakat Jawa Timur,,
Gayungan,Rumah Sakit Umum,Swasta,RS Bhakti Rahayu,,
Gayungan,Apotek,swasta,DHARMA,-7.34078195,112.7264701
Gayungan,Apotek,swasta,NEW BINTANG,,
Gayungan,Apotek,swasta,RINDANG FARMA,,
Gayungan,Apotek,swasta,K - 24 MENANGGAL,-7.3396772,112.7244555
Gayungan,Apotek,swasta,CIKAL,,
Gayungan,Apotek,swasta,PAHALA KETINTANG,,
Gayungan,Apotek,swasta,K - 24 GAYUNGAN,-7.3337207,112.7246852
Gayungan,Apotek,swasta,MEDSENTRAL,,
Gayungan,Apotek,swasta,TELKOMEDIKA KETINTANG,,
Gayungan,Toko Obat,swasta,BOSTON HEALTH & BEAUTY CITO / HYPERMART CITO,,
Gayungan,Toko Obat,swasta,GUARDIAN ROYAL PLAZA,,
Gayungan,Klinik Pratama,swasta,PONDOK KASIH,-7.33512155,112.7258187
Gayungan,Klinik Pratama,swasta,ADI HAYATI,-7.3246162,112.7251207
Gayungan,Klinik Pratama,swasta,YAKES TELKOM,-7.3096097,112.7277363
Gayungan,Klinik Pratama,swasta,DINA AKUPUNTUR & BEAUTY CARE,,
Gayungan,Klinik Utama,swasta,CITRA MEDICAL CENTRE,,
Gayungan,Klinik Utama,swasta,USADA BUANA,-7.3449974,112.72338
Gayungan,Klinik Utama,swasta,HAFIRA SKIN CARE,,
Gayungan,Klinik Utama,swasta,SURYA DIAGNOSA MEDIKA,,
Gayungan,Klinik Utama,swasta,DINA,,
Gayungan,Klinik Utama,swasta,CONFIDENTS DENTAL HOUSE,,
Gayungan,Rumah Sakit Umum,TNI/POLRI,RS Bhayangkara TK II HS. Samsoeri Mertojoso,,
Gayungan,Klinik Pratama,TNI/POLRI,BIDDOKES AHMAD YANI,,
Genteng,Apotek,lainnya,KIMIA FARMA KUSUMA BANGSA,,
Genteng,Apotek,lainnya,KIMIA FARMA UNDAAN,,
Genteng,Puskesmas Induk,Pemerintah Kota,Puskesmas Ketabang,-7.2580613,112.746774
Genteng,Puskesmas Induk,Pemerintah Kota,Puskesmas Peneleh,-7.2523042,112.7408308
Genteng,Puskesmas Pembantu (Pustu),Pemerintah Kota,Pustu Embong Kaliasin,,
Genteng,Rumah Sakit Umum,Swasta,RS Adi Husada Undaan,-7.2516488,112.7451431
Genteng,Rumah Sakit Khusus,Swasta,RS Mata Undaan,-7.25433695,112.7434556
Genteng,Apotek,swasta,METRO FARMA,,
Genteng,Apotek,swasta,LISTI FARMA,,
Genteng,Apotek,swasta,PRAYOGI,,
Genteng,Apotek,swasta,TANJUNG,-7.26742627,112.7467371
Genteng,Apotek,swasta,POLYFARMA,,
Genteng,Apotek,swasta,KUSUMA,-7.25211885,112.7487673
Genteng,Apotek,swasta,APOTEK HAPPY,,
Genteng,Apotek,swasta,WATSONS PLAZA SURABAYA,,
Genteng,Apotek,swasta,GUARDIAN SURABAYA PLAZA,,
Genteng,Apotek,swasta,GUARDIAN GRAND CITY SURABAYA,,
Genteng,Apotek,swasta,WATSONS GRAND CITY MALL,,
Genteng,Toko Obat,swasta,BAN SENG TONG,-7.24810805,112.7462345
Genteng,Toko Obat,swasta,SUMBER JAYA,,
Genteng,Toko Obat,swasta,SUPER INDO DELTA PLAZA,,
Genteng,Klinik Pratama,swasta,POLIKLINIK YAYASAN PEGAWAI BANK JATIM,,
Genteng,Klinik Pratama,swasta,Dinas Pendidikan Propinsi Jawa Timur,,
Genteng,Klinik Pratama,swasta,SENTUHAN KASIH BANGSA,,
Genteng,Klinik Pratama,swasta,KARYA MEDIKA 41,,
Genteng,Klinik Pratama,swasta,SKIN INNOVATION,,
Genteng,Klinik Pratama,swasta,GRAHA dr. YANTI,,
Genteng,Klinik Pratama,swasta,MARIA ELIZABETH,,
Genteng,Klinik Pratama,swasta,LAURENT'S,,
Genteng,Klinik Pratama,swasta,ADINA MEDIKA,,
Genteng,Klinik Pratama,swasta,KELUARGA PINTAR,,
Genteng,Klinik Utama,swasta,EAGLES HEAD MEDICAL CENTRE,,
Genteng,Klinik Utama,swasta,KAYOON,-7.272173493,112.7445795
Genteng,Klinik Utama,swasta,L' VIORS,,
Genteng,Klinik Utama,swasta,PRIMA,-7.2672997,112.7407067
Genteng,Klinik Utama,swasta,GLENEAGLES,,
Genteng,Klinik Utama,swasta,WIBOWO DENTAL CLINIC,,
Genteng,Klinik Utama,swasta,PADMA BAHTERA,,
Gubeng,Rumah Sakit Khusus,Kementrian Lain,RS Gigi dan Mulut FKG Universitas Airlangga,,
Gubeng,Apotek,lainnya,KIMIA FARMA 35,,
Gubeng,Apotek,lainnya,KIMIA FARMA KALIBOKOR,,
Gubeng,Apotek,lainnya,KIMIA FARMA DHARMAHUSADA,,
Gubeng,Puskesmas Induk,Pemerintah Kota,Puskesmas Mojo,-7.27090215,112.7708244
Gubeng,Puskesmas Induk,Pemerintah Kota,Puskesmas Pucang Sewu,-7.28659415,112.7555283
Gubeng,Puskesmas Pembantu (Pustu),Pemerintah Kota,Pustu Baratajaya,,
Gubeng,Puskesmas Pembantu (Pustu),Pemerintah Kota,Pustu Gubeng Klingsingan,,
Gubeng,Klinik Pratama,Pemerintah Kota Surabaya,BNN KOTA SURABAYA,,
Gubeng,Rumah Sakit Khusus,Pemerintah Provinsi,RS Jiwa Menur,,
Gubeng,Rumah Sakit Umum,Swasta,RS Umum Siloam Hospitals Surabaya,,
Gubeng,Rumah Sakit Khusus,Swasta,RS Ibu dan Anak Pura Raharja,,
Gubeng,Rumah Sakit Khusus,Swasta,RS Ibu dan Anak Ferina,,
Gubeng,Apotek,swasta,ALISA,,
Gubeng,Apotek,swasta,KIMIA FARMA 24,,
Gubeng,Apotek,swasta,AGRIPA,,
Gubeng,Apotek,swasta,SALMA FARMA,,
Gubeng,Apotek,swasta,MARTURIA,,
Gubeng,Apotek,swasta,TRIMAS,,
Gubeng,Apotek,swasta,MENTARI FARMA,,
Gubeng,Apotek,swasta,BHINEKA FARMA,,
Gubeng,Apotek,swasta,ASRI FARMA,,
Gubeng,Apotek,swasta,KALIDAMI FARMA,,
Gubeng,Apotek,swasta,OKTA,,
Gubeng,Apotek,swasta,SURYASARI SEJAHTERA,,
Gubeng,Apotek,swasta,NGAGEL JAYA,-7.2937474,112.7623725
Gubeng,Apotek,swasta,PEMUDA,,
Gubeng,Apotek,swasta,MULYA HUSADA,,
Gubeng,Apotek,swasta,PUCANG,-7.2882032,112.7519619
Gubeng,Apotek,swasta,BAWEAN,,
Gubeng,Apotek,swasta,MELIANA,-7.2784744,112.7588868
Gubeng,Apotek,swasta,DHARMAWANGSA,-7.272310407,112.7588322
Gubeng,Apotek,swasta,FARMASI AIRLANGGA,-7.27197875,112.7587505
Gubeng,Apotek,swasta,NGINDEN FARMA,,
Gubeng,Apotek,swasta,TRIJAYA ABADI,,
Gubeng,Apotek,swasta,K - 24 DHARMAHUSADA,-7.26577828,112.7718693
Gubeng,Apotek,swasta,ALIN FARMA,,
Gubeng,Apotek,swasta,REJEKI,,
Gubeng,Apotek,swasta,K-24 PASAR PUCANG,,
Gubeng,Apotek,swasta,VIARA MED,,
Gubeng,Apotek,swasta,VIVA APOTEK KALIDAMI,,
Gubeng,Apotek,swasta,VIVA APOTEK GUBENG,,
Gubeng,Apotek,swasta,INDOSEHAT,,
Gubeng,Apotek,swasta,BINANGUN,-7.294994184,112.7585075
Gubeng,Apotek,swasta,KASIH FARMA,,
Gubeng,Apotek,swasta,K-24 JOJORAN,-7.276143506,112.7687219
Gubeng,Apotek,swasta,E-MEDICA KARANG MENJANGAN,,
Gubeng,Apotek,swasta,PROVITA,,
Gubeng,Apotek,swasta,VIVA APOTEK PUCANG ANOM,,
Gubeng,Apotek,swasta,pucang taman,-7.283733167,112.7584969
Gubeng,Apotek,swasta,POLARIS,,
Gubeng,Apotek,swasta,TIARA MANYAR,,
Gubeng,Toko Obat,swasta,MERIDIAN,,
Gubeng,Toko Obat,swasta,LION SUPER INDO DHARMAHUSADA,,
Gubeng,Toko Obat,swasta,SIERRA,,
Gubeng,Toko Obat,swasta,TOKO OBAT BONNET SWALAYAN,,
Gubeng,Klinik Pratama,swasta,PLK - UA KAMPUS B UNAIR,,
Gubeng,Klinik Pratama,swasta,dr. J HEALTH AND BEAUTY CLINIC,,
Gubeng,Klinik Pratama,swasta,65 (LXV),,
Gubeng,Klinik Pratama,swasta,QUALITA MEDIKA,,
Gubeng,Klinik Pratama,swasta,BULAN SABIT MERAH INDONESIA,,
Gubeng,Klinik Pratama,swasta,SARTIKA 36,,
Gubeng,Klinik Pratama,swasta,PRAMESWARI,,
Gubeng,Klinik Pratama,swasta,MITRA MEDICARE,,
Gubeng,Klinik Pratama,swasta,SANTA MARIA TAK BERCELA,-7.28895575,112.7603424
Gubeng,Klinik Pratama,swasta,AMANINA MEDIKA,,
Gubeng,Klinik Pratama,swasta,KLINIK KERTAJAYA,-7.27880235,112.7572795
Gubeng,Klinik Pratama,swasta,RUMAH SUNATAN,,
Gubeng,Klinik Pratama,swasta,ESTINE,,
Gubeng,Klinik Pratama,swasta,deLovely,,
Gubeng,Klinik Pratama,swasta,MS GLOW AESTHETIC CLINIC,-7.2706529,112.7508041
Gubeng,Klinik Pratama,swasta,HOUSE OF DERMALOVE SCIENCE OF BEAUTY,,
Gubeng,Klinik Pratama,swasta,HOUSE OF HEALTHY LIVING CENTER (H2LC),,
Gubeng,Klinik Pratama,swasta,VIV CLINIC,,
Gubeng,Klinik Pratama,swasta,CANTIK,-7.302637,112.7585778
Gubeng,Klinik Pratama,swasta,THE EMDEE SKIN CLINIC,-7.27623105,112.7491055
Gubeng,Klinik Pratama,swasta,NAAVAGREEN NATURAL SKINCARE,,
Gubeng,Klinik Utama,swasta,ULTRA MEDICA,-7.26947595,112.7514431
Gubeng,Klinik Utama,swasta,SURABAYA SKIN CENTRE,,
Gubeng,Klinik Utama,swasta,TRITYA,-7.2988591,112.7600089
Gubeng,Klinik Utama,swasta,NEURON CLINIC,,
Gubeng,Klinik Utama,swasta,KANANI,,
Gubeng,Klinik Utama,swasta,PARAHITA DIAGNOSTIC CENTER,,
Gubeng,Klinik Utama,swasta,MEDICELLE,-7.2693237,112.7511561
Gubeng,Klinik Utama,swasta,DHARMAHUSADA PRIMER,,
Gubeng,Klinik Utama,swasta,PRAMITA,-7.29185095,112.7559058
Gubeng,Klinik Utama,swasta,MAKMURI (KHUSUS WANITA & ANAK),,
Gubeng,Klinik Utama,swasta,DERMAGICAL (KHUSUS WANITA DAN ANAK),,
Gubeng,Klinik Utama,swasta,INDENTAL,,
Gubeng,Rumah Sakit Umum,TNI/POLRI,RS Ibu dan Anak Bantuan 05.08.05 Surabaya,,
Gunung Anyar,Apotek,lainnya,KIMIA FARMA 22 UPN,,
Gunung Anyar,Puskesmas Induk,Pemerintah Kota,Puskesmas Gunung Anyar,-7.3408615,112.7839286
Gunung Anyar,Puskesmas Pembantu (Pustu),Pemerintah Kota,Pustu Rungkut Menanggal,,
Gunung Anyar,Apotek,swasta,MARTINA,,
Gunung Anyar,Apotek,swasta,DOA SEHAT,,
Gunung Anyar,Apotek,swasta,CITRA FARMA,,
Gunung Anyar,Apotek,swasta,STAR FARMA,,
Gunung Anyar,Apotek,swasta,PATEN JAYA,,
Gunung Anyar,Apotek,swasta,PURI HUSADA,-7.33685075,112.7758519
Gunung Anyar,Apotek,swasta,MARGUNA SEHAT,,
Gunung Anyar,Apotek,swasta,KITA,,
Gunung Anyar,Apotek,swasta,A GUNUNG ANYAR,-7.338481861,112.7824235
Gunung Anyar,Apotek,swasta,VIVA APOTEK RUNGKUT TENGAH,,
Gunung Anyar,Apotek,swasta,JULIA,,
Gunung Anyar,Apotek,swasta,S2,-7.3395367,112.7954797
Gunung Anyar,Klinik Pratama,swasta,AT - TAUFIQ,,
Gunung Anyar,Klinik Pratama,swasta,KESEJAHTERAAN 11,,
Gunung Anyar,Klinik Pratama,swasta,OPTIMA,,
Gunung Anyar,Klinik Pratama,swasta,PARADISE,-7.3399078,112.7877635
Gunung Anyar,Klinik Pratama,swasta,SIER,-7.33297145,112.7609033
Gunung Anyar,Klinik Pratama,swasta,KECANTIKAN NATURA,,
Gunung Anyar,Klinik Pratama,swasta,NURANI JAYA 83,-7.3385164,112.7695536
Gunung Anyar,Klinik Utama,swasta,OPTIMA,,
Gunung Anyar,Klinik Utama,swasta,ALTAIR POLITEKNIK PELAYARAN SURABAYA,,
Jambangan,Apotek,lainnya,KIMIA FARMA KEBONSARI,,
Jambangan,Puskesmas Induk,Pemerintah Kota,Puskesmas Kebonsari,-7.32840065,112.7144456
Jambangan,Puskesmas Pembantu (Pustu),Pemerintah Kota,Pustu Jambangan,,
Jambangan,Puskesmas Pembantu (Pustu),Pemerintah Kota,Pustu Karah,,
Jambangan,Puskesmas Pembantu (Pustu),Pemerintah Kota,Pustu Ketintang,,
Jambangan,Puskesmas Pembantu (Pustu),Pemerintah Kota,Pustu Pagesangan,,
Jambangan,Rumah Sakit Khusus,Swasta,RS Ibu dan Anak Cempaka Putih Permata,,
Jambangan,Apotek,swasta,JAMBANGAN,-7.3192361,112.7142609
Jambangan,Apotek,swasta,KEBONSARI,-7.3274816,112.715985
Jambangan,Apotek,swasta,K - 24 KEBONSARI,-7.3274816,112.715985
Jambangan,Apotek,swasta,UMI,,
Jambangan,Apotek,swasta,K-24 KARAH,-7.3148614,112.720556
Jambangan,Apotek,swasta,ALTHA,,
Jambangan,Apotek,swasta,9 Bintang Farma,,
Jambangan,Klinik Pratama,swasta,ST. VINCENTIUS A PAULO (KARAH),,
Jambangan,Klinik Pratama,swasta,BK 10,-7.3243305,112.7157207
Karang Pilang,Klinik Pratama,lainnya,SUTEDI SENAPUTRA,,
Karang Pilang,Puskesmas Induk,Pemerintah Kota,Puskesmas Kedurus,-7.31975475,112.7093945
Karang Pilang,Puskesmas Pembantu (Pustu),Pemerintah Kota,Pustu Kebraon,,
Karang Pilang,Puskesmas Pembantu (Pustu),Pemerintah Kota,Pustu Warugunung,,
Karang Pilang,Apotek,swasta,PALAPA JAYA,,
Karang Pilang,Apotek,swasta,DERY FARMA,,
Karang Pilang,Apotek,swasta,K 3,-7.33205055,112.7018074
Karang Pilang,Apotek,swasta,VIVA GENERIK GRIYA KEBRAON,,
Karang Pilang,Apotek,swasta,PUSPASARI KEDURUS,,
Karang Pilang,Apotek,swasta,K24 MASTRIP,-7.342323293,112.6950071
Karang Pilang,Apotek,swasta,INDERA,,
Karang Pilang,Toko Obat,swasta,LOTTE SHOPPING INDONESIA,,
Karang Pilang,Toko Obat,swasta,SUPER INDO MASTRIP,,
Karang Pilang,Klinik Pratama,swasta,SARTIKA 44,,
Karang Pilang,Klinik Pratama,swasta,PUTRI RAHAYU,-7.347893,112.6660642
Karang Pilang,Klinik Pratama,swasta,NAYAKA HUSADA KEBRAON,,
Karang Pilang,Klinik Pratama,swasta,PHC KEBRAON,-7.33273185,112.7012534
Kenjeran,Puskesmas Induk,Pemerintah Kota,Puskesmas Bulak Banteng,-7.2177947,112.7662792
Kenjeran,Puskesmas Induk,Pemerintah Kota,Puskesmas Sidotopo Wetan,-7.22658925,112.7635013
Kenjeran,Puskesmas Induk,Pemerintah Kota,Puskesmas Tambak Wedi,-7.21747975,112.7724023
Kenjeran,Puskesmas Induk,Pemerintah Kota,Puskesmas Tanah Kali Kedinding,-7.23037625,112.7744697
Kenjeran,Puskesmas Pembantu (Pustu),Pemerintah Kota,Pustu Tanah Kali Kedinding,,
Kenjeran,Apotek,swasta,NINDYA,,
Kenjeran,Apotek,swasta,ALQI,,
Kenjeran,Apotek,swasta,RAFA FARMA,,
Kenjeran,Apotek,swasta,VIVA APOTEK RANDU INDAH,,
Kenjeran,Apotek,swasta,ADITARA 2,,
Kenjeran,Apotek,swasta,NAHDA FARMA,,
Kenjeran,Apotek,swasta,AMAJING IAN,,
Kenjeran,Apotek,swasta,RAFA FARMA 2,,
Kenjeran,Apotek,swasta,RANDU FARMA,,
Kenjeran,Apotek,swasta,AZZAM FARMA,,
Kenjeran,Apotek,swasta,K-24 POGOT,-7.23380263,112.7657773
Kenjeran,Apotek,swasta,K - 24 SIDOTOPO WETAN,-7.2214774,112.7626077
Kenjeran,Apotek,swasta,TANSAH SEHAT FARMA,,
Kenjeran,Apotek,swasta,K-24 KEDINDING LOR,-7.219817106,112.7749352
Kenjeran,Klinik Pratama,swasta,AL FITHRAH,-7.22262925,112.7705939
Kenjeran,Klinik Pratama,swasta,WONOSARI,,
Kenjeran,Klinik Utama,swasta,SRI HARTI SOEROSO,,
Krembangan,Puskesmas Induk,Pemerintah Kota,Puskesmas Dupak,-7.2393518,112.7172651
Krembangan,Puskesmas Induk,Pemerintah Kota,Puskesmas Krembangan Selatan,-7.23307105,112.7312176
Krembangan,Puskesmas Induk,Pemerintah Kota,Puskesmas Morokrembangan,-7.2347805,112.7124435
Krembangan,Puskesmas Pembantu (Pustu),Pemerintah Kota,Pustu Krembangan Baru,,
Krembangan,Apotek,swasta,TIGA DUA LIMA,,
Krembangan,Apotek,swasta,ADI FARMA,,
Krembangan,Apotek,swasta,SHERWIN,,
Krembangan,Apotek,swasta,OKKY,,
Krembangan,Apotek,swasta,SIAGA MUSTIKA RAHAYU,,
Krembangan,Apotek,swasta,LAYZA FARMA,,
Krembangan,Klinik Pratama,swasta,RAJAWALI,-7.2345788,112.7321174
Krembangan,Klinik Pratama,swasta,KELSAPA,,
Krembangan,Klinik Pratama,swasta,SANTA ANNA,,
Krembangan,Klinik Pratama,swasta,NAYAKA HUSADA 01,,
Krembangan,Klinik Pratama,swasta,AL - AZHAR,-7.24218805,112.718773
Krembangan,Klinik Utama,swasta,PRAMITA,,
Krembangan,Klinik Utama,swasta,SPEKTRUM,,
Krembangan,Klinik Pratama,TNI/POLRI,POLRESTABES SURABAYA,-7.2359226,112.7352799
Krembangan,Klinik Pratama,TNI/POLRI,SUBDITKES AAL,,
Krembangan,Klinik Pratama,TNI/POLRI,SATBRIMOB POLDA JATIM,-7.23428915,112.7231112
Krembangan,Klinik Pratama,TNI/POLRI,SATKES KODIKLATAL,,
Krembangan,Klinik Pratama,TNI/POLRI,BHAYANGKARA M. DAHLAN,,
Lakarsantri,Apotek,lainnya,KIMIA FARMA G WALK,,
Lakarsantri,Apotek,lainnya,KIMIA FARMA 459,-7.3067969,112.6660336
Lakarsantri,Puskesmas Induk,Pemerintah Kota,Puskesmas Bangkingan,-7.32492005,112.656109
Lakarsantri,Puskesmas Induk,Pemerintah Kota,Puskesmas Jeruk,-7.3054418,112.6383803
Lakarsantri,Puskesmas Induk,Pemerintah Kota,Puskesmas Lidah Kulon,,
Lakarsantri,Rumah Sakit Khusus,Swasta,RS Orthopedi dan Traumatologi Surabaya,,
Lakarsantri,Apotek,swasta,WANGI,,
Lakarsantri,Apotek,swasta,SUKSES,,
Lakarsantri,Apotek,swasta,KIMMY,,
Lakarsantri,Apotek,swasta,HIKMAH,-7.3021265,112.669183
Lakarsantri,Apotek,swasta,DIAH FARMA,,
Lakarsantri,Apotek,swasta,K - 24 MANUKAN TAMA,,
Lakarsantri,Apotek,swasta,d18,-7.312189,112.6549352
Lakarsantri,Apotek,swasta,SRIKAYA,,
Lakarsantri,Apotek,swasta,SEHATI,,
Lakarsantri,Apotek,swasta,WATSONS SUPERMALL PAKUWON,,
Lakarsantri,Apotek,swasta,BOSTON HEALTH & BEAUTY,,
Lakarsantri,Apotek,swasta,DWI,,
Lakarsantri,Apotek,swasta,UTAMA,-7.293737221,112.6463054
Lakarsantri,Apotek,swasta,K-24 LIDAH WETAN,-7.3034214,112.6671884
Lakarsantri,Apotek,swasta,K-24 LAKARSANTRI,-7.2978236,112.6335639
Lakarsantri,Apotek,swasta,W,-7.312189,112.6549352
Lakarsantri,Toko Obat,swasta,SUPER INDO CITRALAND SQUARE,,
Lakarsantri,Klinik Pratama,swasta,SUPER SKIN,,
Lakarsantri,Klinik Pratama,swasta,ERHA SKIN MENGANTI,,
Lakarsantri,Klinik Pratama,swasta,NEW LIFE,,
Lakarsantri,Klinik Pratama,swasta,GLOBAL SEJAHTERA ABADA 3,,
Lakarsantri,Klinik Pratama,swasta,LUMINAIRE,,
Lakarsantri,Klinik Utama,swasta,IDAF HUSADA,,
Lakarsantri,Klinik Utama,swasta,MIRACLE AESTHETIC CLINIC,,
Mulyorejo,Rumah Sakit Umum,Kementrian Lain,RS Universitas Airlangga,-7.2703712,112.7854699
Mulyorejo,Apotek,lainnya,KIMIA FARMA HEALTH AND BEAUTY PAKUWON CITY,,
Mulyorejo,Puskesmas Induk,Pemerintah Kota,Puskesmas Kalijudan,-7.2573961,112.7780142
Mulyorejo,Puskesmas Induk,Pemerintah Kota,Puskesmas Mulyorejo,-7.26072255,112.784748
Mulyorejo,Puskesmas Pembantu (Pustu),Pemerintah Kota,Pustu Sutorejo,,
Mulyorejo,Puskesmas Pembantu (Pustu),Pemerintah Kota,Pustu Mulyorejo / wisma permai,,
Mulyorejo,Rumah Sakit Umum,Swasta,RS Manyar Medical Centre,-7.2899995,112.7635253
Mulyorejo,Rumah Sakit Khusus,Swasta,RS Ibu dan Anak Kendangsari Merr,,
Mulyorejo,Rumah Sakit Umum,Swasta,RS Mitra Keluarga Kenjeran,,
Mulyorejo,Apotek,swasta,MULYOREJO,-7.2709295,112.7834399
Mulyorejo,Apotek,swasta,MUSTAJAB,,
Mulyorejo,Apotek,swasta,BAGIANA,,
Mulyorejo,Apotek,swasta,ALBA MEDIKA,,
Mulyorejo,Apotek,swasta,JEFARMA,,
Mulyorejo,Apotek,swasta,CHRIST,,
Mulyorejo,Apotek,swasta,GUARDIAN SHOP IN GALAXY MALL,,
Mulyorejo,Apotek,swasta,FAMILY FARMA,,
Mulyorejo,Apotek,swasta,K - 24 MULYOSARI,-7.26054165,112.7987569
Mulyorejo,Apotek,swasta,XION,,
Mulyorejo,Apotek,swasta,PRISKA,,
Mulyorejo,Apotek,swasta,VITO,,
Mulyorejo,Apotek,swasta,IBECA FARMA,,
Mulyorejo,Apotek,swasta,HAVANDI,,
Mulyorejo,Apotek,swasta,CINDI,,
Mulyorejo,Apotek,swasta,FITRIN,,
Mulyorejo,Apotek,swasta,SMILE PLUS,,
Mulyorejo,Apotek,swasta,KEISSA,,
Mulyorejo,Apotek,swasta,XAVIER,,
Mulyorejo,Apotek,swasta,K - 24 MERR KALIJUDAN,-7.252568532,112.7832111
Mulyorejo,Apotek,swasta,MUJUR SURYA,,
Mulyorejo,Apotek,swasta,MELISA FARMA,,
Mulyorejo,Apotek,swasta,ELHA,,
Mulyorejo,Apotek,swasta,WATSONS EAST COST,,
Mulyorejo,Apotek,swasta,ENGGAL HUSADA,,
Mulyorejo,Apotek,swasta,UNI MEDIKA,,
Mulyorejo,Apotek,swasta,WATSONS GALAXY MALL SURABAYA,,
Mulyorejo,Apotek,swasta,GUARDIAN GALAXY MALL 3,,
Mulyorejo,Apotek,swasta,AIRDAS FARMA,,
Mulyorejo,Apotek,swasta,WATSONS GALAX MALL 2,,
Mulyorejo,Apotek,swasta,36 Merr,-7.252568532,112.7832111
Mulyorejo,Toko Obat,swasta,INTISARI,,
Mulyorejo,Toko Obat,swasta,ZHONG YAO,,
Mulyorejo,Toko Obat,swasta,BOSTON HEALTH & BEAUTY ECC,,
Mulyorejo,Toko Obat,swasta,SUPERINDO KERTAJAYA,,
Mulyorejo,Toko Obat,swasta,Hypermart ECC,,
Mulyorejo,Toko Obat,swasta,Super Indo Central Park,-7.26624975,112.7966308
Mulyorejo,Toko Obat,swasta,GUARDIAN EAST COST,,
Mulyorejo,Toko Obat,swasta,RANCH MARKET,-7.2765022,112.7822849
Mulyorejo,Klinik Pratama,swasta,PLK - UA KAMPUS C UNAIR,,
Mulyorejo,Klinik Pratama,swasta,DOKTER AYOMAN KELUARGA,,
Mulyorejo,Klinik Pratama,swasta,ABDI MULIA,,
Mulyorejo,Klinik Pratama,swasta,dr. Subur Prajitno,,
Mulyorejo,Klinik Pratama,swasta,YAYASAN SOSIAL ABDIHUSADA UTAMA,,
Mulyorejo,Klinik Pratama,swasta,ZAP GALAKSI,,
Mulyorejo,Klinik Pratama,swasta,SKIDENT AESTHETIC CENTER,,
Mulyorejo,Klinik Pratama,swasta,ANF,,
Mulyorejo,Klinik Pratama,swasta,LONDON BEAUTY CENTRE,,
Mulyorejo,Klinik Pratama,swasta,BIOTECH,,
Mulyorejo,Klinik Utama,swasta,3D CLINIC,,
Mulyorejo,Klinik Utama,swasta,MEDIKA UTAMA 2,,
Mulyorejo,Klinik Utama,swasta,WIDJAJA ASTHMA CENTRE,,
Mulyorejo,Klinik Utama,swasta,SHINY SMILE DENTAL CLINIC,,
Mulyorejo,Klinik Utama,swasta,SAYANG DIAGNOSTIC CENTER,,
Mulyorejo,Klinik Utama,swasta,PRAMITA,-7.2607325,112.7952989
Mulyorejo,Klinik Utama,swasta,MIRACLE AESTHETIC CLINIC,-7.2801062,112.7817642
Mulyorejo,Klinik Utama,swasta,ORTHO PLUS,,
Mulyorejo,Klinik Utama,swasta,PROFIRA,,
Mulyorejo,Klinik Utama,swasta,ERHA APOTHECARY GALAXY MALL,,
Mulyorejo,Klinik Utama,swasta,NATIONAL EYE CENTER,,
Mulyorejo,Klinik Utama,swasta,NUSANTARA MEDIKA,,
Mulyorejo,Klinik Utama,swasta,VISION EYE CLINIC,,
Mulyorejo,Klinik Utama,swasta,PARAHITA DIAGNOSTIC CENTER,,
Mulyorejo,Klinik Utama,swasta,TETA,,
Mulyorejo,Klinik Utama,swasta,MITRA HUSADA,,
Pabean Cantian,Rumah Sakit Umum,BUMN,RS Primasatya Husada Citra (PHC) Surabaya,,
Pabean Cantian,Apotek,lainnya,KIMIA FARMA NO.304,,
Pabean Cantian,Puskesmas Induk,Pemerintah Kota,Puskesmas Perak Timur,-7.22273215,112.7354624
Pabean Cantian,Puskesmas Pembantu (Pustu),Pemerintah Kota,Pustu Bongkaran,,
Pabean Cantian,Puskesmas Pembantu (Pustu),Pemerintah Kota,Pustu Nyamplungan,,
Pabean Cantian,Puskesmas Pembantu (Pustu),Pemerintah Kota,Pustu Perak Barat,,
Pabean Cantian,Rumah Sakit Umum,Swasta,RS PKU Muhammadiyah Surabaya,,
Pabean Cantian,Rumah Sakit Umum,Swasta,RS Umum Al-Irsyad Surabaya,,
Pabean Cantian,Apotek,swasta,AN JAYA,-7.225015118,112.7341204
Pabean Cantian,Apotek,swasta,BUNGURAN,-7.240089832,112.7450483
Pabean Cantian,Apotek,swasta,ATUM FARMA,,
Pabean Cantian,Apotek,swasta,IBUNDA,,
Pabean Cantian,Apotek,swasta,BERLIN,-7.2298398,112.735138
Pabean Cantian,Apotek,swasta,8 ( DELAPAN ),,
Pabean Cantian,Apotek,swasta,BERLIN 2,-7.2298398,112.735138
Pabean Cantian,Apotek,swasta,SAMPURNA FARMA,,
Pabean Cantian,Apotek,swasta,SINAR BAHAGIA,,
Pabean Cantian,Apotek,swasta,BERKAH MAKMUR,,
Pabean Cantian,Apotek,swasta,K24 Kopelindo 3,,
Pabean Cantian,Toko Obat,swasta,SARI WARAS,,
Pabean Cantian,Toko Obat,swasta,MANDARIN,,
Pabean Cantian,Toko Obat,swasta,ASEAN,,
Pabean Cantian,Toko Obat,swasta,SAUDARA,,
Pabean Cantian,Toko Obat,swasta,SAHABAT KITA JAYA,,
Pabean Cantian,Toko Obat,swasta,SAUDARA ONLINE,,
Pabean Cantian,Toko Obat,swasta,BIE,,
Pabean Cantian,Toko Obat,swasta,MANDARIN 2,,
Pabean Cantian,Klinik Pratama,swasta,SEBU,,
Pabean Cantian,Klinik Utama,swasta,WIBOWO DENTAL CLINIC,,
Pabean Cantian,Klinik Utama,swasta,OILIA,,
Pabean Cantian,Rumah Sakit Umum,TNI/POLRI,RS TNI AL Dr. Oepomo,,
Pabean Cantian,Klinik Pratama,TNI/POLRI,POLRES PELABUHAN TANJUNG PERAK,-7.199788,112.7339656
Pakal,Puskesmas Induk,Pemerintah Kota,Puskesmas Benowo,-7.2347252,112.6115006
Pakal,Puskesmas Pembantu (Pustu),Pemerintah Kota,Pustu Babat Jerawat,,
Pakal,Puskesmas Pembantu (Pustu),Pemerintah Kota,Pustu Pakal,,
Pakal,Puskesmas Pembantu (Pustu),Pemerintah Kota,Pustu Sumber Rejo,,
Pakal,Puskesmas Pembantu (Pustu),Pemerintah Kota,Pustu Tambak Dono,,
Pakal,Rumah Sakit Umum,Swasta,RS Islam Darus Syifa,,
Pakal,Apotek,swasta,BENOWO FARMA,,
pakal,Apotek,swasta,APP 3 PAKAL,-7.2377899,112.6200616
Pakal,Klinik Utama,swasta,3D CLINIC,-7.24946325,112.6260209
Rungkut,Apotek,lainnya,KIMIA FARMA PANDUGO,,
Rungkut,Apotek,lainnya,KIMIA FARMA 526 RUNGKUT,,
Rungkut,Puskesmas Induk,Pemerintah Kota,Puskesmas Kalirungkut,-7.322218,112.7707621
Rungkut,Puskesmas Induk,Pemerintah Kota,Puskesmas Medokan Ayu,-7.3239443,112.7949832
Rungkut,Puskesmas Pembantu (Pustu),Pemerintah Kota,Pustu Medokan Ayu,,
Rungkut,Puskesmas Pembantu (Pustu),Pemerintah Kota,Pustu Penjaringan Sari,,
Rungkut,Puskesmas Pembantu (Pustu),Pemerintah Kota,Pustu Rungkut Kidul,,
Rungkut,Rumah Sakit Umum,Swasta,RS Umum Royal Surabaya,,
Rungkut,Apotek,swasta,SETIABUDI,,
Rungkut,Apotek,swasta,SIDO WARAS,,
Rungkut,Apotek,swasta,VALENTINO,,
Rungkut,Apotek,swasta,JIREH,-7.3160351,112.7912659
Rungkut,Apotek,swasta,ELLY,,
Rungkut,Apotek,swasta,GOHLIS,,
Rungkut,Apotek,swasta,DANDE FARMA,,
Rungkut,Apotek,swasta,CENTRO,,
Rungkut,Apotek,swasta,JESA INTI FARMA,,
Rungkut,Apotek,swasta,TAKAVI,,
Rungkut,Apotek,swasta,MEDAYU FARMA,,
Rungkut,Apotek,swasta,ARDILA,,
Rungkut,Apotek,swasta,VIVA GENERIK KEDUNG ASEM,,
Rungkut,Apotek,swasta,CENDRAWASIH,,
Rungkut,Apotek,swasta,VIVA GENERIK MEDOKAN SAWAH,,
Rungkut,Apotek,swasta,K - 24 RUNGKUT ASRI,-7.329722578,112.7848188
Rungkut,Apotek,swasta,JECONIA,,
Rungkut,Apotek,swasta,HASIL,,
Rungkut,Apotek,swasta,VIVA APOTEK WONOREJO SELATAN,,
Rungkut,Apotek,swasta,MEGA RAYA,,
Rungkut,Apotek,swasta,K 24 RUNGKUT MADYA,-7.331740068,112.7845833
Rungkut,Apotek,swasta,SAHABAT MEDIKA,,
Rungkut,Apotek,swasta,VIVA APOTEK RUNGKUT MEJOYO,,
Rungkut,Apotek,swasta,K-24 MEDOKAN AYU,-7.3256915,112.8008963
Rungkut,Apotek,swasta,DASSA ALPHA,,
Rungkut,Apotek,swasta,FORA MEDICAL,,
Rungkut,Apotek,swasta,MEI FARMA,,
Rungkut,Apotek,swasta,K24 Tenggilis,-7.320479449,112.7647843
Rungkut,Apotek,swasta,Rungkut Sehat,,
Rungkut,Apotek,swasta,Rungkut,-7.31995515,112.7676996
Rungkut,Toko Obat,swasta,toko Obat PT. Trans Retail Indonesia Cabang Transmart Carrefour Rungkut Surabaya,,
Rungkut,Toko Obat,swasta,Super Indo Rungkut,-7.314272,112.7810757
Rungkut,Toko Obat,swasta,BERKAT WAHYU,,
Rungkut,Klinik Pratama,swasta,WIDYA MANDIRI,,
Rungkut,Klinik Pratama,swasta,dr. EKO,,
Rungkut,Klinik Pratama,swasta,PT. HM Sampoerna Tbk,,
Rungkut,Klinik Pratama,swasta,CITA HUSADA,-7.32205585,112.7762486
Rungkut,Klinik Pratama,swasta,PT.HM Sampoerna Tbk,,
Rungkut,Klinik Pratama,swasta,YAYUK ISMAIL,,
Rungkut,Klinik Pratama,swasta,PT. UNILEVER INDONESIA Tbk,,
Rungkut,Klinik Pratama,swasta,D'ESTHETICO,,
Rungkut,Klinik Pratama,swasta,UBAYA,-7.31941335,112.7684624
Rungkut,Klinik Pratama,swasta,NAYAKA HUSADA 42,,
Rungkut,Klinik Pratama,swasta,dr. NICE,,
Rungkut,Klinik Pratama,swasta,MEDIKA PRADHANA,,
Rungkut,Klinik Pratama,swasta,MICHELLE,,
Rungkut,Klinik Pratama,swasta,SUPER SKIN,,
Rungkut,Klinik Pratama,swasta,ROYAL CLINIC MERR,,
Rungkut,Klinik Pratama,swasta,DELOVELY RUNGKUT,,
Rungkut,Klinik Pratama,swasta,KESAYANGAN,,
Rungkut,Klinik Utama,swasta,PUSURA RUNGKUT,-7.32807435,112.7752518
Rungkut,Klinik Utama,swasta,dr. HARYO Eye Care,,
Rungkut,Klinik Utama,swasta,ANARE,,
Rungkut,Klinik Utama,swasta,CT KLINIK,,
Sambikerep,Puskesmas Induk,Pemerintah Kota,Puskesmas Lontar,-7.2850638,112.6627329
Sambikerep,Puskesmas Induk,Pemerintah Kota,Puskesmas Made,-7.27731115,112.6370347
Sambikerep,Rumah Sakit Khusus,Swasta,RS Ibu dan Anak Nur Ummi Numbi,,
Sambikerep,Rumah Sakit Khusus,Swasta,RS Ibu dan Anak Lombok Dua Dua Lontar,,
Sambikerep,Apotek,swasta,TENGGER 3,-7.2647613,112.6620756
Sambikerep,Apotek,swasta,GLORY,-7.2847798,112.6564141
Sambikerep,Apotek,swasta,GEMMA FARMA,,
Sambikerep,Apotek,swasta,BRINGIN INDAH,-7.260918673,112.6501855
Sambikerep,Apotek,swasta,TIARA CITRA RAYA,,
Sambikerep,Apotek,swasta,VIVA GENERIK BUMI INDAH,,
Sambikerep,Apotek,swasta,SAMBIKEREP,-7.2772676,112.6545459
Sambikerep,Apotek,swasta,APP 2 LONTAR,-7.2782064,112.6684446
Sambikerep,Apotek,swasta,AQILAH,,
Sambikerep,Apotek,swasta,MANUKAN,-7.268030886,112.6662117
Sambikerep,Apotek,swasta,RODISON,,
Sambikerep,Apotek,swasta,ANUGERAH MEDIKA,,
Sambikerep,Apotek,swasta,UTAMA SAMBIKEREP,-7.272832188,112.6446657
Sambikerep,Apotek,swasta,K24 LONTAR,-7.2782064,112.6684446
Sambikerep,Toko Obat,swasta,HYPERMART SUPERMALL PAKUWON INDAH,,
Sambikerep,Toko Obat,swasta,BAROKAH,,
Sambikerep,Klinik Pratama,swasta,"POLY ""PT. PAKUWON PERMAI""",,
Sambikerep,Klinik Pratama,swasta,ERHA APOTHECARY,,
Sambikerep,Klinik Pratama,swasta,CAHAYA DAMAI,,
Sambikerep,Klinik Pratama,swasta,MEDPOINT,-7.2841039,112.6708098
Sambikerep,Klinik Pratama,swasta,MIFTACHUL MUNIR MEDIKA,-7.28325685,112.6660158
Sambikerep,Klinik Pratama,swasta,THE EMDEE SKIN CLINIC,,
Sambikerep,Klinik Pratama,swasta,HAYYU SYAR'I,,
Sambikerep,Klinik Utama,swasta,EZMO CLINIC,,
Sambikerep,Klinik Utama,swasta,LINA LICA,,
Sambikerep,Klinik Utama,swasta,TEETH TOOTH,,
Sawahan,Apotek,lainnya,KIMIA FARMA NO.243,,
Sawahan,Puskesmas Induk,Pemerintah Kota,Puskesmas Banyu Urip,-7.2715069,112.7200273
Sawahan,Puskesmas Induk,Pemerintah Kota,Puskesmas Pakis,-7.28177405,112.7284812
Sawahan,Puskesmas Induk,Pemerintah Kota,Puskesmas Putat Jaya,-7.28142245,112.7223643
Sawahan,Puskesmas Induk,Pemerintah Kota,Puskesmas Sawahan,-7.26558135,112.7277504
Sawahan,Puskesmas Pembantu (Pustu),Pemerintah Kota,Pustu Petemon,,
Sawahan,Puskesmas Pembantu (Pustu),Pemerintah Kota,Pustu Putat Jaya,,
Sawahan,Puskesmas Pembantu (Pustu),Pemerintah Kota,Pustu Simokatrungan,,
Sawahan,Rumah Sakit Umum,Swasta,Mayapada Hospital Surabaya,-7.2919594,112.727701
Sawahan,Apotek,swasta,AGAPE,,
Sawahan,Apotek,swasta,MITRA FARMA,,
Sawahan,Apotek,swasta,KHEN,,
Sawahan,Apotek,swasta,PURI FARMA,,
Sawahan,Apotek,swasta,MENGGALA,,
Sawahan,Apotek,swasta,STEVEN,,
Sawahan,Apotek,swasta,DWI JAYA,,
Sawahan,Apotek,swasta,SUGENG,,
Sawahan,Apotek,swasta,FAJAR,,
Sawahan,Apotek,swasta,TENOJAYA,,
Sawahan,Apotek,swasta,TOWER FARMA,,
Sawahan,Apotek,swasta,ARI FARMA,,
Sawahan,Apotek,swasta,DAMAI,,
Sawahan,Apotek,swasta,C n C,,
Sawahan,Apotek,swasta,DEWI FARMA,,
Sawahan,Apotek,swasta,VIVA APOTEK SIMO GUNUNG,,
Sawahan,Apotek,swasta,VIVA APOTEK BANYU URIP WETAN,,
Sawahan,Apotek,swasta,PELITA JAYA,-7.2813588,112.7224768
Sawahan,Apotek,swasta,VIVA APOTEK PACUAN KUDA,,
Sawahan,Apotek,swasta,MZ 8,-7.279128847,112.7083968
Sawahan,Apotek,swasta,VIVA APOTEK PETEMON BARAT,,
Sawahan,Apotek,swasta,PAHALA PACUAN,,
Sawahan,Apotek,swasta,K-24 SIMO KWAGEAN,-7.271210423,112.71655
Sawahan,Toko Obat,swasta,SUMBER SELAMET,,
Sawahan,Toko Obat,swasta,Multi Sehat Jaya,,
Sawahan,Klinik Utama,swasta,PRAMITA,,
Sawahan,Klinik Pratama,swasta,HIDAYAH,-7.28282785,112.7231939
Sawahan,Klinik Pratama,swasta,KIMIA FARMA BANYU URIP,,
Sawahan,Klinik Pratama,swasta,CLARICE,,
Sawahan,Klinik Pratama,swasta,DELOVELY,,
Sawahan,Klinik Pratama,swasta,BDS PACUAN KUDA,-7.2581462,112.7174423
Sawahan,Klinik Pratama,swasta,PUSURA SUNGKONO,-7.29213495,112.7268137
Sawahan,Klinik Pratama,swasta,Lazarus,,
Sawahan,Klinik Utama,swasta,dr. RUSTIADJI,,
Sawahan,Klinik Utama,swasta,PRAMITA,,
Semampir,Klinik Pratama,lainnya,AMPEL,-7.2294919,112.742724
Semampir,Puskesmas Induk,Pemerintah Kota,Puskesmas Pegirian,-7.2246344,112.7469155
Semampir,Puskesmas Induk,Pemerintah Kota,Puskesmas Sawah Pulo,-7.22281235,112.7446748
Semampir,Puskesmas Induk,Pemerintah Kota,Puskesmas Sidotopo,-7.23034775,112.7458816
Semampir,Puskesmas Induk,Pemerintah Kota,Puskesmas Wonokusumo,-7.21966365,112.7525616
Semampir,Puskesmas Pembantu (Pustu),Pemerintah Kota,Pustu Pegirian,,
Semampir,Puskesmas Pembantu (Pustu),Pemerintah Kota,Pustu Wonokusumo,,
Semampir,Rumah Sakit Umum,Pemerintah Provinsi,RS Husada Prima,,
Semampir,Apotek,swasta,KEMAJUAN,-7.23247,112.7411461
Semampir,Apotek,swasta,MUSTIKA JAYA I,,
Semampir,Apotek,swasta,WONOSARI MEDIKA,,
Semampir,Apotek,swasta,AMIRA,,
Semampir,Apotek,swasta,SURAMADU,,
Semampir,Apotek,swasta,PERMATA P,,
Semampir,Apotek,swasta,VIVA GENERIK WONOKUSUMO,,
Semampir,Apotek,swasta,AZIFAH,,
Semampir,Apotek,swasta,ALMIRA,,
Semampir,Apotek,swasta,K24 WONOKUSUMO,-7.2175678,112.7549966
SEMAMPIR,Apotek,swasta,RAFA FARMA BULAK JAYA,,
Semampir,Apotek,swasta,BERLIN 3,,
SEMAMPIR,Apotek,swasta,KAHA,,
Semampir,Klinik Pratama,swasta,WACHID HASYIM,,
Semampir,Klinik Pratama,swasta,MEDISKA SIDOTOPO,,
Semampir,Klinik Pratama,swasta,INDOSEHAT 2003,-7.2197416,112.7506163
Semampir,Klinik Utama,swasta,PROSPEK,,
Semampir,Klinik Utama,swasta,INDOSEHAT 2003,-7.2197416,112.7506163
Semampir,Klinik Pratama,TNI/POLRI,dr. IDRIS P. SIREGAR,,
Simokerto,Apotek,lainnya,KIMIA FARMA TAMBAK REJO,,
Simokerto,Rumah Sakit Umum,Pemerintah Kota,RS Umum Daerah dr. Mohamad Soewandhie,,
Simokerto,Puskesmas Induk,Pemerintah Kota,Puskesmas Simolawang,-7.2348687,112.7510499
Simokerto,Puskesmas Induk,Pemerintah Kota,Puskesmas Tambakrejo,-7.24844815,112.7555557
Simokerto,Puskesmas Pembantu (Pustu),Pemerintah Kota,Pustu Kapasari,,
Simokerto,Puskesmas Pembantu (Pustu),Pemerintah Kota,Pustu Kapasan,,
Simokerto,Puskesmas Pembantu (Pustu),Pemerintah Kota,Pustu Granting,,
Simokerto,Puskesmas Pembantu (Pustu),Pemerintah Kota,Pustu Kebondalem,,
Simokerto,Puskesmas Pembantu (Pustu),Pemerintah Kota,Pustu Sidodadi,,
Simokerto,Puskesmas Pembantu (Pustu),Pemerintah Kota,Pustu Sidoyoso Kali,,
Simokerto,Rumah Sakit Umum,Pemerintah Provinsi,RS Umum Daerah Dr. Soetomo,,
Simokerto,Rumah Sakit Umum,Swasta,RS Umum Adi Husada Kapasari,,
Simokerto,Apotek,swasta,BHUMYAMCA II,,
Simokerto,Apotek,swasta,SEGARAN,-7.244464148,112.760115
Simokerto,Apotek,swasta,MATAHARI FARMA,,
Simokerto,Apotek,swasta,K - 24 KAPASARI,-7.246379009,112.7532697
Simokerto,Apotek,swasta,SUMBER WARAS,,
Simokerto,Apotek,swasta,TERAS PHARMA,,
Simokerto,Toko Obat,swasta,KENDJERAN,-7.241030757,112.7541571
Simokerto,Toko Obat,swasta,toko Obat PT. Trans Retail Indonesia Cabang Carrefour ITC Mega Grosir Surabaya,,
Simokerto,Klinik Utama,swasta,PROSPEK (SIMOKERTO),,
Sukolilo,Apotek,lainnya,KIMIA FARMA KLAMPIS,,
SUKOLILO,Apotek,lainnya,KIMIA FARMA MENUR,,
Sukolilo,Puskesmas Induk,Pemerintah Kota,Puskesmas Keputih,-7.2939955,112.801876
Sukolilo,Puskesmas Induk,Pemerintah Kota,Puskesmas Klampis Ngasem,-7.2891562,112.77849
Sukolilo,Puskesmas Induk,Pemerintah Kota,Puskesmas Menur,-7.29687275,112.7643469
Sukolilo,Puskesmas Pembantu (Pustu),Pemerintah Kota,Pustu Gebang Putih,,
Sukolilo,Puskesmas Pembantu (Pustu),Pemerintah Kota,Pustu Medokan Semampir,,
Sukolilo,Puskesmas Pembantu (Pustu),Pemerintah Kota,Pustu Semolowaru,,
Sukolilo,Rumah Sakit Umum,Pemerintah Provinsi,RS Umum Haji Surabaya,,
Sukolilo,Klinik Utama,Pemerintah Provinsi Jawa Timur,EMBARKASI HAJI SURABAYA,,
Sukolilo,Rumah Sakit Khusus,Swasta,RS Onkologi,,
Sukolilo,Rumah Sakit Umum,Swasta,RS Premier Surabaya,-7.3048488,112.7651381
Sukolilo,Rumah Sakit Khusus,Swasta,RS Ibu dan Anak Putri Surabaya,-7.2909658,112.7826754
Sukolilo,Rumah Sakit Umum,Swasta,RS Gotong Royong,,
Sukolilo,Apotek,swasta,MENUR,-7.2919238,112.7672637
Sukolilo,Apotek,swasta,PRIMADANA,,
Sukolilo,Apotek,swasta,LIBRA,,
Sukolilo,Apotek,swasta,KENJERAN,-7.18407638,112.7803418
Sukolilo,Apotek,swasta,ASTI FARMA,,
Sukolilo,Apotek,swasta,NATANETTE,,
Sukolilo,Apotek,swasta,LIBRA 2,,
Sukolilo,Apotek,swasta,SELARAS,,
Sukolilo,Apotek,swasta,KARYA SUKSES,,
Sukolilo,Apotek,swasta,K-24 MANYAR,-7.2847747,112.7834925
Sukolilo,Apotek,swasta,LATOVI,,
Sukolilo,Apotek,swasta,EXPRESS,,
Sukolilo,Apotek,swasta,SENTRA BERKAT,,
Sukolilo,Apotek,swasta,K-24 KLAMPIS,-7.2880229,112.77763
Sukolilo,Apotek,swasta,DR. RATNA,,
Sukolilo,Apotek,swasta,SEMAMPIR RAYA,-7.308048749,112.7784725
Sukolilo,Apotek,swasta,CENTRO FARMA,,
Sukolilo,Apotek,swasta,AALIYA FARMA,,
Sukolilo,Apotek,swasta,RACHMAT,,
Sukolilo,Apotek,swasta,TERANG FARMA,,
Sukolilo,Apotek,swasta,K24 KEPUTIH,-7.28871625,112.8140064
Sukolilo,Apotek,swasta,ANYA,,
sukolilo,Apotek,swasta,TRIA FARMA,,
Sukolilo,Apotek,swasta,Lifepack,,
Sukolilo,Toko Obat,swasta,SUPER INDO SEMOLOWARU,-7.30084155,112.7714312
SUKOLILO,Toko Obat,swasta,SUPER INDO ARIF RAHMAN HAKIM,,
Sukolilo,Toko Obat,swasta,GUARDIAN AR HAKIM,,
Sukolilo,Toko Obat,swasta,KLAMPIS SEMOLO,-7.296178704,112.7783602
Sukolilo,Toko Obat,swasta,Hypermart Arief Rachman Hakim,,
Sukolilo,Klinik Pratama,swasta,STIESIA,-7.2891698,112.7665189
Sukolilo,Klinik Pratama,swasta,EMDEE,,
Sukolilo,Klinik Pratama,swasta,GOTONG ROYONG I,,
Sukolilo,Klinik Pratama,swasta,MEDICAL CENTER ITS,-7.2903521,112.7928406
Sukolilo,Klinik Pratama,swasta,dr. RETNAWATI,,
Sukolilo,Klinik Pratama,swasta,SILOAM SURABAYA,,
Sukolilo,Klinik Pratama,swasta,FACENA,,
Sukolilo,Klinik Pratama,swasta,FLORA HOUSE OF BEAUTY,,
Sukolilo,Klinik Pratama,swasta,EVINE,,
Sukolilo,Klinik Pratama,swasta,EMDEE,,
Sukolilo,Klinik Utama,swasta,SENTRA REHABILITASI MEDIK MERIDIAN,,
Sukolilo,Klinik Utama,swasta,Universitas 17 Agustus 1945 (UNTAG) Surabaya,,
Sukolilo,Klinik Utama,swasta,LESTARI,,
Sukolilo,Klinik Utama,swasta,D-ARTS DENTAL CLINIC,,
Sukolilo,Klinik Utama,swasta,JET - Z DENTAL AESTHETIC CLINIC,-7.29469715,112.7680867
Sukomanunggal,Apotek,lainnya,KIMIA FARMA KUPANG JAYA,,
Sukomanunggal,Apotek,lainnya,KIMIA FARMA HR MUHAMMAD,,
Sukomanunggal,Puskesmas Induk,Pemerintah Kota,Puskesmas Simomulyo,-7.26246035,112.7120093
Sukomanunggal,Puskesmas Induk,Pemerintah Kota,Puskesmas Tanjungsari,-7.25940435,112.6892628
Sukomanunggal,Puskesmas Pembantu (Pustu),Pemerintah Kota,Pustu Putat Gede,,
Sukomanunggal,Puskesmas Pembantu (Pustu),Pemerintah Kota,Pustu Simohilir,,
Sukomanunggal,Puskesmas Pembantu (Pustu),Pemerintah Kota,Pustu Sonokawijenan,,
Sukomanunggal,Klinik Pratama,Pemerintah Provinsi Jawa Timur,BNN PROVINSI JAWA TIMUR,,
Sukomanunggal,Rumah Sakit Umum,Swasta,RS Umum Mitra Keluarga Surabaya,,
Sukomanunggal,Apotek,swasta,SATELITE,-7.2700136,112.6961735
Sukomanunggal,Apotek,swasta,SAPUTRA JAYA,,
Sukomanunggal,Apotek,swasta,KUPANG BARU,-7.277541586,112.7025961
Sukomanunggal,Apotek,swasta,TIARA SATELIT,,
Sukomanunggal,Apotek,swasta,HANSEN,,
Sukomanunggal,Apotek,swasta,AL FALAH,-7.26880575,112.7118068
Sukomanunggal,Apotek,swasta,WATSONS LAGOON SUNGKONO,,
Sukomanunggal,Apotek,swasta,K-24 SUKOMANUNGGAL,-7.2617671,112.6973817
Sukomanunggal,Apotek,swasta,K-24 Bukit Darmo,-7.289110586,112.6992915
Sukomanunggal,Toko Obat,swasta,SUPER INDO SATELIT UTARA,,
Sukomanunggal,Klinik Pratama,swasta,DINAYLA UTAMA 84,,
Sukomanunggal,Klinik Pratama,swasta,ELYON,-7.27072295,112.6942692
Sukomanunggal,Klinik Pratama,swasta,L'VIORS,,
Sukomanunggal,Klinik Pratama,swasta,ID BEAUTY CLINIC,,
Sukomanunggal,Klinik Pratama,swasta,LARISSA,,
Sukomanunggal,Klinik Pratama,swasta,FAIZAH MEDIKA,,
Sukomanunggal,Klinik Utama,swasta,ABDI MULIA,-7.2860337,112.701113
Sukomanunggal,Klinik Utama,swasta,KASIH KARUNIA,-7.26895085,112.6909642
Sukomanunggal,Klinik Utama,swasta,ABDI MULIA,-7.2860337,112.701113
Sukomanunggal,Klinik Utama,swasta,PRIMED,,
Tambaksari,Klinik Pratama,lainnya,POLKES 05.09.04 SURABAYA,,
Tambaksari,Puskesmas Induk,Pemerintah Kota,Puskesmas Gading,-7.24249065,112.7640344
Tambaksari,Puskesmas Induk,Pemerintah Kota,Puskesmas Pacar Keling,-7.2571931,112.7626846
Tambaksari,Puskesmas Induk,Pemerintah Kota,Puskesmas Rangkah,-7.24630815,112.7672265
Tambaksari,Puskesmas Pembantu (Pustu),Pemerintah Kota,Pustu Karang Empat,,
Tambaksari,Rumah Sakit Umum,Swasta,RS Husada Utama Surabaya,,
Tambaksari,Apotek,swasta,BLESSING,,
Tambaksari,Apotek,swasta,SUPER FARMA,,
Tambaksari,Apotek,swasta,LESTARI FARMA,,
Tambaksari,Apotek,swasta,K24 KAPAS KRAMPUNG,-7.249366996,112.7608893
Tambaksari,Apotek,swasta,PRIMADONA,,
Tambaksari,Apotek,swasta,PUTERI BUANA,,
Tambaksari,Apotek,swasta,PERMATA,,
Tambaksari,Apotek,swasta,TING - TING FARMA,,
Tambaksari,Apotek,swasta,VIVA APOTEK DUKUH SETRO,,
Tambaksari,Apotek,swasta,178,-7.2510918,112.7674952
Tambaksari,Apotek,swasta,SILVIANA,,
Tambaksari,Apotek,swasta,VIVA APOTEK KAPAS MADYA,,
Tambaksari,Apotek,swasta,GOLDEN FARMA,,
Tambaksari,Apotek,swasta,JOYFUL,,
Tambaksari,Apotek,swasta,SAHABAT SEHAT,,
Tambaksari,Apotek,swasta,GABRIEL,-7.25542855,112.7545385
Tambaksari,Apotek,swasta,NICHO,,
Tambaksari,Apotek,swasta,BASKARA,,
Tambaksari,Apotek,swasta,SABILILLAH,,
Tambaksari,Apotek,swasta,SYIFA,,
Tambaksari,Apotek,swasta,K - 24 PLOSO,-7.2522567,112.7685295
Tambaksari,Apotek,swasta,MALIKA,,
Tambaksari,Apotek,swasta,BK,-7.2510918,112.7674952
Tambaksari,Apotek,swasta,MEKAR REJEKI FARMA,,
Tambaksari,Apotek,swasta,DUKUH SETRO,-7.2372362,112.7777149
Tambaksari,Apotek,swasta,VIVA APOTEK KARANG ASEM,,
Tambaksari,Toko Obat,swasta,WAN FU DANG,,
Tambaksari,Toko Obat,swasta,WAN HO DANG,,
Tambaksari,Klinik Pratama,swasta,TABITA,,
Tambaksari,Klinik Pratama,swasta,MEDISKA SURABAYA GUBENG,,
Tambaksari,Klinik Pratama,swasta,WISMA HUSADA,-7.2399974,112.7753521
Tambaksari,Klinik Pratama,swasta,SURYA GIRI JAYA 122,,
Tambaksari,Klinik Pratama,swasta,PALANG MERAH INDONESIA,,
Tambaksari,Klinik Pratama,swasta,ALBA MEDIKA,-7.25626325,112.7698486
Tambaksari,Klinik Pratama,swasta,INDIRA,,
Tambaksari,Klinik Pratama,swasta,KAPAS MADYA,-7.237621575,112.7719007
Tambaksari,Klinik Pratama,swasta,KEELA,,
Tambaksari,Klinik Pratama,swasta,ESTETIKA LARISSA,,
Tambaksari,Klinik Pratama,swasta,BEAUDENT,,
Tambaksari,Klinik Utama,swasta,WALUYO JATI,,
Tambaksari,Klinik Utama,swasta,VINCENTIUS KRISTUS RAJA,,
Tambaksari,Klinik Utama,swasta,SAHABAT MEDIKA,,
Tambaksari,Klinik Utama,swasta,ADI GUNA,,
Tandes,Apotek,lainnya,PRIMA ANUGERAH,,
Tandes,Puskesmas Induk,Pemerintah Kota,Puskesmas Balongsari,-7.25922885,112.678301
Tandes,Puskesmas Induk,Pemerintah Kota,Puskesmas Manukan Kulon,-7.25846525,112.6606438
Tandes,Puskesmas Pembantu (Pustu),Pemerintah Kota,Pustu Banjarsugihan,,
Tandes,Puskesmas Pembantu (Pustu),Pemerintah Kota,Pustu Buntaran,,
Tandes,Rumah Sakit Umum,Swasta,RS Muji Rahayu,,
Tandes,Apotek,swasta,JAYA MULYA,,
Tandes,Apotek,swasta,AMORITA FARMA,,
Tandes,Apotek,swasta,MUKTI HUSADA,,
Tandes,Apotek,swasta,KRAJAN,-7.257988466,112.6781368
Tandes,Apotek,swasta,K - 24 DARMO INDAH,-7.26190895,112.6823767
Tandes,Apotek,swasta,K24 BALONGSARI TAMA,-7.26319786,112.6784526
Tandes,Apotek,swasta,WATSONS FOOD JUNCTION,,
Tandes,Apotek,swasta,MITRA SEHAT,,
Tandes,Apotek,swasta,Rafa Farma Manukan,,
Tandes,Toko Obat,swasta,SUPER INDO MANUKAN,-7.2629761,112.6675749
Tandes,Toko Obat,swasta,Boston food junction,,
Tandes,Toko Obat,swasta,Toko Obat Hypermart Foodjunction,,
Tandes,Klinik Pratama,swasta,PT. GELORA DJAJA,,
Tandes,Klinik Pratama,swasta,PERDANA HUSADA,-7.2599046,112.6707873
Tandes,Klinik Pratama,swasta,SARTIKA 59,-7.26443665,112.6621652
Tandes,Klinik Pratama,swasta,NAYAKA HUSADA TANDES,-7.2635077,112.6840606
Tandes,Klinik Pratama,swasta,dr. EKO,,
Tandes,Klinik Pratama,swasta,DINAYLA UTAMA 105,,
Tandes,Klinik Pratama,swasta,KEBANGKITAN,,
Tandes,Klinik Pratama,swasta,DELOVELY,,
Tandes,Klinik Pratama,swasta,PUSURA BALONGSARI,-7.2608338,112.6779614
Tegalsari,Apotek,lainnya,KIMIA FARMA 26,,
Tegalsari,Apotek,lainnya,KIMIA FARMA 25,,
Tegalsari,Apotek,lainnya,KIMIA FARMA 45,-7.28857825,112.7389051
Tegalsari,Puskesmas Induk,Pemerintah Kota,Puskesmas Dr. Soetomo,-7.27735155,112.7341031
Tegalsari,Puskesmas Induk,Pemerintah Kota,Puskesmas Kedungdoro,-7.26370155,112.7382415
Tegalsari,Puskesmas Pembantu (Pustu),Pemerintah Kota,Pustu Keputran,,
Tegalsari,Rumah Sakit Umum,Swasta,RS Surabaya Medical Service,,
Tegalsari,Rumah Sakit Khusus,Swasta,RS Ibu dan Anak Pusura Tegalsari,,
Tegalsari,Rumah Sakit Umum,Swasta,RS Darmo,-7.2869871,112.7393517
Tegalsari,Apotek,swasta,PANACEA,,
Tegalsari,Apotek,swasta,AGUNG FARMA,,
Tegalsari,Apotek,swasta,SUMBER FARMA,,
Tegalsari,Apotek,swasta,POLYFARMA 61,,
Tegalsari,Apotek,swasta,GUARDIAN PT HERO SUPERMARKET,,
Tegalsari,Apotek,swasta,TENGGER I,,
Tegalsari,Apotek,swasta,WIDYA FARMA,,
Tegalsari,Apotek,swasta,TRUNOJOYO,-7.28382365,112.734523
Tegalsari,Apotek,swasta,TIRTA FARMA,,
Tegalsari,Apotek,swasta,CENTURY TUNJUNGAN PLAZA,,
Tegalsari,Apotek,swasta,K-24 KEDUNGSARI,-7.267791687,112.7364495
Tegalsari,Apotek,swasta,MUSI,-7.28616403,112.7352313
Tegalsari,Apotek,swasta,WATSONS TUNJUNGAN PLAZA,,
Tegalsari,Apotek,swasta,VIVA APOTEK KAMPUNG MALANG,,
Tegalsari,Apotek,swasta,Watsons Tunjungan Plaza 6,,
Tegalsari,Apotek,swasta,KAPUAS FARMA,,
Tegalsari,Apotek,swasta,GUARDIAN TUNJUNGAN PLAZA 6 SURABAYA,,
Tegalsari,Toko Obat,swasta,HERO TUNJUNGAN PLAZA,,
Tegalsari,Klinik Pratama,swasta,ALAMANDA,,
Tegalsari,Klinik Pratama,swasta,ANUGERAH MULIA ( GKI ),,
Tegalsari,Klinik Pratama,swasta,PROFIRA,,
Tegalsari,Klinik Pratama,swasta,ZAP TUNJUNGAN PLAZA,,
Tegalsari,Klinik Pratama,swasta,ERHA APOTHECARY,,
Tegalsari,Klinik Pratama,swasta,FRESH FACE SKIN CARE CLINIC,,
Tegalsari,Klinik Pratama,swasta,MIRACLE TP,,
Tegalsari,Klinik Pratama,swasta,ORISKIN,,
Tegalsari,Klinik Pratama,swasta,LIGHT HOUSE,,
Tegalsari,Klinik Pratama,swasta,GLAFIDYSYA MEDIKA,,
Tegalsari,Klinik Pratama,swasta,ATHENA,,
Tegalsari,Klinik Utama,swasta,ESTETIKA dr. AFFANDI,-7.28179745,112.7325031
Tegalsari,Klinik Utama,swasta,ESTHER,-7.28019835,112.7387603
Tegalsari,Klinik Utama,swasta,HAIRTRANS CLINIC,,
Tegalsari,Klinik Utama,swasta,ERHA CLINIC SURABAYA,-7.2679285,112.7383203
Tegalsari,Klinik Utama,swasta,DRYN,,
Tegalsari,Klinik Utama,swasta,BIOTEST,,
Tegalsari,Klinik Utama,swasta,BIOTEST,,
Tegalsari,Klinik Utama,swasta,MELANIA,-7.2781531,112.7321937
Tegalsari,Klinik Utama,swasta,ZAP BLAMBANGAN (KHUSUS WANITA DAN ANAK),,
Tegalsari,Klinik Utama,swasta,M2C DENTAL,,
Tenggilis Mejoyo,Apotek,lainnya,KIMIA FARMA 23 KENDANGSARI,,
Tenggilis Mejoyo,Puskesmas Induk,Pemerintah Kota,Puskesmas Tenggilis,-7.3361447,112.7462963
Tenggilis Mejoyo,Puskesmas Pembantu (Pustu),Pemerintah Kota,Pustu Kutisari,,
Tenggilis Mejoyo,Rumah Sakit Khusus,Swasta,RS Ibu dan Anak Kendangsari Surabaya,,
Tenggilis Mejoyo,Apotek,swasta,SABA,-7.320133,112.7535063
Tenggilis Mejoyo,Apotek,swasta,MAHKOTA FARMA,,
Tenggilis Mejoyo,Apotek,swasta,KHARISMA,,
Tenggilis Mejoyo,Apotek,swasta,BIOS FARMA,,
Tenggilis Mejoyo,Apotek,swasta,ADAM FARMA,,
Tenggilis Mejoyo,Apotek,swasta,AR,-7.32385895,112.7522835
Tenggilis Mejoyo,Apotek,swasta,VIVA GENERIK TENGGILIS KAUMAN,,
Tenggilis Mejoyo,Apotek,swasta,VIVA GENERIK KENDANGSARI,,
Tenggilis Mejoyo,Apotek,swasta,DEALOVA,,
Tenggilis Mejoyo,Apotek,swasta,BYUNGBYOUNG,,
Tenggilis Mejoyo,Apotek,swasta,Shane Farma,,
Tenggilis Mejoyo,Toko Obat,swasta,INDOGROSIR,-7.3075328,112.7596231
Tenggilis Mejoyo,Toko Obat,swasta,SUPER INDO JEMURSARI,,
Tenggilis Mejoyo,Klinik Pratama,swasta,MEDICO SIER,-7.3349965,112.7514273
Tenggilis Mejoyo,Klinik Pratama,swasta,NURANI JAYA 37,-7.3282569,112.7473882
Tenggilis Mejoyo,Klinik Pratama,swasta,SUMBER CAHAYA ANUGERAH,,
Tenggilis Mejoyo,Klinik Pratama,swasta,LARISSA AESTHETIC TENGGILIS,-7.32001625,112.7548191
Tenggilis Mejoyo,Klinik Utama,swasta,SENTRA MEDIKA SURABAYA,-7.3201147,112.7599313
Tenggilis Mejoyo,Klinik Utama,swasta,METRODENT,,
Tenggilis Mejoyo,Klinik Utama,swasta,WESTERINDO,,
Wiyung,Apotek,lainnya,KIMIA FARMA LONTAR,,
Wiyung,Apotek,lainnya,KIMIA FARMA WIYUNG 2,,
Wiyung,Puskesmas Induk,Pemerintah Kota,Puskesmas Balas Klumprik,-7.3315249,112.6900272
Wiyung,Puskesmas Induk,Pemerintah Kota,Puskesmas Wiyung,-7.3315249,112.6900272
Wiyung,Puskesmas Pembantu (Pustu),Pemerintah Kota,Pustu Babatan,,
Wiyung,Rumah Sakit Umum,Swasta,RS Wijaya Surabaya,,
Wiyung,Rumah Sakit Umum,Swasta,RS National Hospital,,
Wiyung,Rumah Sakit Khusus,Swasta,RS Ibu dan Anak Graha Medika,,
Wiyung,Rumah Sakit Umum,Swasta,RS Wiyung Sejahtera,,
Wiyung,Apotek,swasta,SINAR HUSADA,,
Wiyung,Apotek,swasta,RIA FARMA,,
Wiyung,Apotek,swasta,RIFKY,,
Wiyung,Apotek,swasta,PASYHA,,
Wiyung,Apotek,swasta,PUSPASARI,,
Wiyung,Apotek,swasta,MEGAH,,
Wiyung,Apotek,swasta,K - 24 WIYUNG,-7.3109179,112.693824
Wiyung,Apotek,swasta,TATA,,
Wiyung,Apotek,swasta,X WATERPLACE,,
Wiyung,Apotek,swasta,K - 24 MENGANTI,-7.312061613,112.7093989
Wiyung,Apotek,swasta,WIFA FARMA,,
Wiyung,Apotek,swasta,DENYRA,,
Wiyung,Apotek,swasta,Daffa Farma,,
Wiyung,Apotek,swasta,Tia Farma,,
Wiyung,Toko Obat,swasta,SUPER INDO ROYAL SQUARE,,
Wiyung,Klinik Utama,swasta,SKIN A,-7.2941089,112.6751451
Wiyung,Klinik Pratama,swasta,MITRA SEHAT,,
Wiyung,Klinik Pratama,swasta,ROYAL DIAMOND,,
Wiyung,Klinik Pratama,swasta,ALAMANDA,-7.332309174,112.6818819
Wiyung,Klinik Pratama,swasta,MAXINE AESTHETIC CLINIC,,
Wiyung,Klinik Pratama,swasta,DINA,,
Wiyung,Klinik Utama,swasta,SKIN A,-7.2941089,112.6751451
Wonocolo,Apotek,lainnya,KIMIA FARMA 166,-7.3165152,112.7523126
Wonocolo,Apotek,lainnya,Kimia Farma 836 Estheva,,
Wonocolo,Klinik Pratama,lainnya,POLTEKBANG SURABAYA,,
Wonocolo,Puskesmas Induk,Pemerintah Kota,Puskesmas Jemursari,-7.32608185,112.739969
Wonocolo,Puskesmas Induk,Pemerintah Kota,Puskesmas Sidosermo,-7.3073313,112.7556756
Wonocolo,Puskesmas Induk,Pemerintah Kota,Puskesmas Siwalankerto,-7.34026885,112.7364656
Wonocolo,Puskesmas Pembantu (Pustu),Pemerintah Kota,Pustu Bendul Merisi,,
Wonocolo,Puskesmas Pembantu (Pustu),Pemerintah Kota,Pustu Margorejo,,
Wonocolo,Rumah Sakit Umum,Swasta,RS Umum Islam Surabaya Jemursari,,
Wonocolo,Rumah Sakit Khusus,Swasta,RS Ibu dan Anak Perdana Medica,,
Wonocolo,Apotek,swasta,KUTISARI,-7.3334343,112.7422558
Wonocolo,Apotek,swasta,RAHARDJO,,
Wonocolo,Apotek,swasta,FARMARIN,,
Wonocolo,Apotek,swasta,NUR SEHAT,,
Wonocolo,Apotek,swasta,SIWALAN,,
Wonocolo,Apotek,swasta,MALEO,,
Wonocolo,Apotek,swasta,APOLLO,,
Wonocolo,Apotek,swasta,TERANG JAYA,,
Wonocolo,Apotek,swasta,K - 24 JEMURSARI,-7.320971336,112.7408388
Wonocolo,Apotek,swasta,JES 8,-7.3210938,112.7399504
Wonocolo,Apotek,swasta,VIVA APOTEK SIWALANKERTO,,
Wonocolo,Apotek,swasta,SAMINA,,
Wonocolo,Apotek,swasta,SUGIH WARAS MAKMUR,,
Wonocolo,Apotek,swasta,MORO SEHAT,,
Wonocolo,Apotek,swasta,MARGOREJO INDAH,-7.3157212,112.7473464
WONOCOLO,Apotek,swasta,VIVA APOTEK SIDOSERMO AIRDAS,,
WONOCOLO,Apotek,swasta,VIVA APOTEK SIWALANKERTO THE SQUARE,,
Wonocolo,Klinik Pratama,swasta,CITA SEHAT,,
Wonocolo,Klinik Pratama,swasta,DINAYLA UTAMA 81,,
Wonocolo,Klinik Pratama,swasta,JEMURSARI EMPAT,,
Wonocolo,Klinik Pratama,swasta,UK PETRA,,
Wonocolo,Klinik Pratama,swasta,BRI MEDIKA SURABAYA,,
Wonocolo,Klinik Pratama,swasta,LORIS,,
Wonocolo,Klinik Utama,swasta,EL SHAFI,-7.32079235,112.7469606
Wonocolo,Klinik Utama,swasta,DIALISA,,
Wonocolo,Klinik Utama,swasta,SURABAYA EYE CLINIC,-7.3219512,112.7449199
Wonocolo,Klinik Utama,swasta,TIRTA MEDICAL CENTRE,,
Wonocolo,Klinik Utama,swasta,PRODIA (JEMURSARI),-7.32408205,112.7394277
Wonocolo,Klinik Utama,swasta,ERHA CLINIC CABANG JEMURSARI,,
Wonokromo,Klinik Pratama,lainnya,JALA HUSADA,,
Wonokromo,Puskesmas Induk,Pemerintah Kota,Puskesmas Jagir,-7.3056601,112.7377323
Wonokromo,Puskesmas Induk,Pemerintah Kota,Puskesmas Ngagel Rejo,-7.29296335,112.7487887
Wonokromo,Puskesmas Induk,Pemerintah Kota,Puskesmas Wonokromo,-7.3031765,112.7303925
Wonokromo,Puskesmas Pembantu (Pustu),Pemerintah Kota,Pustu Sawunggaling,,
Wonokromo,Rumah Sakit Umum,Swasta,RS Umum Katholik Surabaya,,
Wonokromo,Rumah Sakit Umum,Swasta,RS William Booth Surabaya,,
Wonokromo,Rumah Sakit Umum,Swasta,RS Islam Surabaya,-7.30615995,112.7345433
Wonokromo,Rumah Sakit Khusus,Swasta,RS Ibu dan Anak Lombok Dua Dua,,
Wonokromo,Rumah Sakit Khusus,Swasta,RS Gigi dan Mulut Nala Husada,,
Wonokromo,Apotek,swasta,OKEY FARMA,,
Wonokromo,Apotek,swasta,SATYA FARMA,,
Wonokromo,Apotek,swasta,VALENTINE,,
Wonokromo,Apotek,swasta,DUTA FARMA II,,
Wonokromo,Apotek,swasta,DIPONEGORO,-7.293242333,112.7375997
Wonokromo,Apotek,swasta,TIARA 2,,
Wonokromo,Apotek,swasta,SAHABAT,,
Wonokromo,Apotek,swasta,ALDA,,
Wonokromo,Apotek,swasta,VIZ FARMA,,
Wonokromo,Apotek,swasta,RESTU SEHAT,,
Wonokromo,Apotek,swasta,TOTAL LIFE CLINIC,-7.28820305,112.7344518
Wonokromo,Apotek,swasta,LOMBOK 25,-7.278344048,112.7471164
Wonokromo,Apotek,swasta,BOSTON HEALTH & BEAUTY ROYAL PLAZA,,
Wonokromo,Apotek,swasta,VIVA APOTEK JETIS KULON,,
Wonokromo,Apotek,swasta,GUARDIAN TRANSMART NGAGEL,,
Wonokromo,Apotek,swasta,K-24 BENDUL MERISI,-7.307190758,112.7360777
Wonokromo,Toko Obat,swasta,Hypermart Royal,,
Wonokromo,Toko Obat,swasta,PRIMO,,
Wonokromo,Toko Obat,swasta,toko Obat PT. Trans Retail Indonesia Cabang Transmart ngagel,,
Wonokromo,Klinik Pratama,swasta,Yakes Telkom,-7.3096097,112.7277363
Wonokromo,Klinik Pratama,swasta,GIGI BHAKTI KASIH,,
Wonokromo,Klinik Pratama,swasta,Anugerah Karya Medika 103,,
Wonokromo,Klinik Pratama,swasta,PERTAMINA JAGIR,-7.3023563,112.7418236
Wonokromo,Klinik Pratama,swasta,MEDIKA YANI II,,
Wonokromo,Klinik Pratama,swasta,KIMIA FARMA SEBELAS MEDIKA,,
Wonokromo,Klinik Pratama,swasta,HAYYU SYAR'I,,
Wonokromo,Klinik Pratama,swasta,NOVATIC,,
Wonokromo,Klinik Pratama,swasta,INDRAGIRI,-7.2923772,112.7289062
Wonokromo,Klinik Pratama,swasta,DNY SKIN CARE (KUTAI),,
Wonokromo,Klinik Pratama,swasta,DNY SKIN CARE (KUTISARI),,
Wonokromo,Klinik Utama,swasta,JOYOBOYO,-7.298731294,112.7325134
Wonokromo,Klinik Utama,swasta,BAWEAN ORTHOPAEDIC AND REHABILITATION MEDICINE CENTER SURABAYA,,
Wonokromo,Klinik Utama,swasta,ELIZABETH MEDICAL CENTRE,-7.27711805,112.7479348
Wonokromo,Klinik Utama,swasta,PKBI JAWA TIMUR,,
Wonokromo,Klinik Utama,swasta,TOTAL LIFE CLINIC,-7.28820305,112.7344518
Wonokromo,Klinik Utama,swasta,MEDIKA UTAMA,-7.2934043,112.735286
Wonokromo,Klinik Utama,swasta,THE NEW BRAIN CLINIC,,
Wonokromo,Klinik Utama,swasta,PRODIA HEALTH CARE,,
Wonokromo,Klinik Utama,swasta,SANODOC,,
Wonokromo,Klinik Utama,swasta,ILHAN EYE CENTER,,
Wonokromo,Klinik Utama,swasta,INDAH DENTAL CARE,,
Wonokromo,Klinik Utama,swasta,JEC-JAVA@SURABAYA,,
Wonokromo,Klinik Utama,swasta,CAHAYA DIAGNOSTIC CENTRE,,
Wonokromo,Klinik Utama,swasta,J GLOW,,
Wonokromo,Klinik Utama,swasta,BENINGS,,
Wonokromo,Rumah Sakit Umum,TNI/POLRI,RS Soemitro Lanud Surabaya,,
Wonokromo,Rumah Sakit Umum,TNI/POLRI,RS dr. Ramelan,,
Wonokromo,Rumah Sakit Umum,TNI/POLRI,RS Umum Tk. III Brawijaya,,
Wonokromo,Klinik Pratama,TNI/POLRI,KESATRIAN,-7.298631171,112.7259871
,Apotek,swasta,Berlin 5,,
,Klinik Utama,swasta,KU.Dharma Husada Eye Clinic,,
,Klinik Utama,swasta,KU.Mata Royal,,
,Klinik Utama,swasta,KU.Idental Villa Bukit Mas,,
,Klinik Utama,swasta,KU.Prospek (Simokerto),,
,Klinik Utama,swasta,KU.Prodia,,
,Klinik Utama,swasta,KU.Pramita Ngagel,,
,Klinik Pratama,swasta,KP.Ella Skin Care,,
,Klinik Pratama,swasta,KP.Lavender,,
,Klinik Pratama,swasta,KP.BG Skin,,
,Klinik Pratama,swasta,KP.Maharva,,
,Klinik Pratama,swasta,KP.Biotech,,
,Klinik Pratama,swasta,KP.Maharva,,
,Klinik Pratama,swasta,KP.Beaudent,,
,Klinik Pratama,swasta,KP.Hayyu Syari Ngagel,,
,Klinik Pratama,swasta,KP.Kebangkitan,,
,Klinik Pratama,swasta,NAYAKA HUSADA 05,,
,Klinik Pratama,swasta,DERMASENSE,,
,Klinik Pratama,swasta,ANNABELLE'S SKIN CARE,,
,Klinik Pratama,swasta,GLOSKIN AESTHETIC CLINIC,,
,Klinik Pratama,swasta,NAAVAGREEN NATURAL SKINCARE,,
,Klinik Pratama,swasta,GLOBAL SEJAHTERA ABADA,,
,Klinik Pratama,swasta,LONDON BEAUTY CENTRE,,
,Klinik Pratama,swasta,PACIFIC CLINIC,,
,Klinik Pratama,swasta,KENCANA MEDIKA,,
,Klinik Pratama,swasta,B CLINIC,,
,Klinik Pratama,swasta,ESC ESL,,
,Klinik Utama,swasta,MIRACLE,,
,Klinik Utama,swasta,IMPROVE,,
,Klinik Utama,swasta,PRAMITA,,
,Klinik Utama,swasta,GIGI SEHAT EAST,,
,Klinik Utama,swasta,PHSC,,
,Klinik Utama,swasta,PROFIRA,,
,Klinik Utama,swasta,CIPUTRA SMG LASIK,,
,Klinik Utama,swasta,DR. SJAMSU,,
,Klinik Utama,swasta,PRAMITA,,
,Klinik Utama,swasta,DENTALAND,,
,Klinik Pratama,TNI/POLRI,ADHYAKSA KEJAKSAAN TINGGI JAWA TIMUR,,
,Klinik Pratama,TNI/POLRI,POLAIRUD,,
,Klinik Pratama,TNI/POLRI,SATLINLAMIL 2,,
